世态人情	一层楼	36
世态人情	三刻拍案惊奇	30
世态人情	三续金瓶梅	41
世态人情	九尾龟	191
世态人情	二刻拍案惊奇	40
世态人情	二荷花史	5
世态人情	僧尼孽海	30
世态人情	八段锦	8
世态人情	八美图	32
世态人情	初刻拍案惊奇	40
世态人情	剪灯新话	23
世态人情	医界镜	22
世态人情	十二楼	39
世态人情	合浦珠	18
世态人情	后红楼梦	30
世态人情	听月楼	21
世态人情	品花宝鉴	61
世态人情	喻世明言	40
世态人情	国色天香	37
世态人情	型世言	40
世态人情	夜雨秋灯录	116
世态人情	好逑传	18
世态人情	姑妄言	28
世态人情	娱目醒心编	17
世态人情	巫山艳史	16
世态人情	常言道	16
世态人情	平山冷燕	21
世态人情	归莲梦	12
世态人情	恨海	10
世态人情	情变	9
世态人情	情史	25
世态人情	戏中戏	7
世态人情	文明小史	60
世态人情	新石头记	40
世态人情	春秋配	16
世态人情	杏花天	14
世态人情	杜骗新书	24
世态人情	林兰香	65
世态人情	梦红楼梦	3
世态人情	欢喜冤家	25
世态人情	泪珠缘	96
世态人情	浓情快史	30
世态人情	海上花列传	66
世态人情	灯月缘	12
世态人情	灯草和尚	12
世态人情	玉娇梨	19
世态人情	玉楼春	24
世态人情	生绡剪	20
世态人情	生花梦	13
世态人情	痴婆子传	4
世态人情	石点头	15
世态人情	空空幻	16
世态人情	笔梨园	7
世态人情	红楼圆梦	33
世态人情	红楼复梦	103
世态人情	红楼幻梦	24
世态人情	红楼春梦	66
世态人情	红楼梦	120
世态人情	红楼梦影	25
世态人情	红楼梦补	50
世态人情	绣榻野史	2
世态人情	绣鞋记	20
世态人情	续红楼梦	32
世态人情	续红楼梦新编	42
世态人情	续红楼梦未竞稿	20
世态人情	续金瓶梅	64
世态人情	绮楼重梦	49
世态人情	肉蒲团	20
世态人情	花月痕	52
世态人情	花神三妙传	1
世态人情	萤窗清玩	5
世态人情	蜃楼志	25
世态人情	蝴蝶媒	16
世态人情	补红楼梦	49
世态人情	西湖二集	35
世态人情	警世通言	41
世态人情	警寤钟	16
世态人情	负情侬传	1
世态人情	赛花铃	16
世态人情	连城璧	13
世态人情	连城璧外编	6
世态人情	醉醒石	15
世态人情	醋葫芦	21
世态人情	醒世姻缘传	103
世态人情	醒世恒言	40
世态人情	金云翘传	21
世态人情	金屋梦	58
世态人情	金瓶梅	101
世态人情	铁花仙史	26
世态人情	锦香亭	16
世态人情	隔帘花影	49
世态人情	青楼梦	64
世态人情	风月梦	32
世态人情	飞燕外传	4
世态人情	飞花艳想	20
世态人情	鸳鸯阵	12
传奇小说	南柯太守传	1
传奇小说	无双传	1
传奇小说	昆仑奴传	1
传奇小说	李娃传	1
传奇小说	柳毅传	1
传奇小说	柳氏传	0
传奇小说	河东记	34
传奇小说	灵应传	1
传奇小说	离魂记	1
传奇小说	红线传	1
传奇小说	聂隐娘	1
传奇小说	艳异编	70
传奇小说	艳异编续集	19
传奇小说	莺莺传	5
传奇小说	虬髯客传	1
传奇小说	谢小娥传	1
传奇小说	长恨传	1
传奇小说	霍小玉传	2
传奇小说	非烟传	1
传奇小说	龙城录	1
其他	一枕奇	10
其他	三宝太监西洋记	100
其他	三春梦	34
其他	世无匹	17
其他	世说新语	36
其他	东城老父传	1
其他	东阳夜怪录	1
其他	两晋秘史	350
其他	中山狼传	1
其他	丹忠录	40
其他	九云记	35
其他	乾隆下江南	76
其他	二十四尊得道罗汉传	23
其他	二度梅	40
其他	于少保萃忠传	41
其他	五美缘全传	81
其他	人间乐	18
其他	人面桃花	1
其他	今古奇观	41
其他	全相平话	15
其他	八贤传	20
其他	冥报记	3
其他	冥音录	1
其他	凤凰池	18
其他	剑侠奇中奇全传	48
其他	北梦琐言	21
其他	北里志	1
其他	十二笑	6
其他	南村辍耕录	32
其他	双凤奇缘	80
其他	双龙传	5
其他	古岳渎经	1
其他	合锦回文传	17
其他	后宋慈云走国全传	35
其他	吴江雪	24
其他	周秦行记	1
其他	唐摭言	15
其他	唐语林	24
其他	唐阙史	4
其他	商界现形记	16
其他	善恶图全传	40
其他	因话录	6
其他	坐花志果	92
其他	夜谭随录	143
其他	大唐传载	1
其他	大唐新语	14
其他	大宋宣和遗事	4
其他	大汉三合明珠宝剑全传	42
其他	太平广记	465
其他	女娲石	16
其他	定命录	1
其他	定情人	17
其他	宣室志	205
其他	崇祯惨史	51
其他	巧联珠	17
其他	幻中游	18
其他	幽冥录	6
其他	广异记	15
其他	开元天宝遗事	146
其他	开天传信记	1
其他	引凤萧	16
其他	归田录	3
其他	情史	0
其他	情梦柝	20
其他	惊梦啼	7
其他	扫迷帚	24
其他	断鸿零雁记	27
其他	新石头记	40
其他	无声戏	13
其他	无耻奴	40
其他	明月台	14
其他	明皇杂录	3
其他	朝野佥载	6
其他	本事诗	8
其他	枕中记	1
其他	梅兰佳话	42
其他	梦中缘	16
其他	梼杌闲评	50
其他	步里客谈	2
其他	比目鱼	16
其他	永庆升平前传	98
其他	永庆升平后传	101
其他	汉杂事秘辛	1
其他	洞天福地记	4
其他	海国春秋	40
其他	海游记	31
其他	淞隐漫录	119
其他	清平山堂话本	25
其他	渑水燕谈录	19
其他	狐狸缘全传	21
其他	独异志	4
其他	玄 怪 录	5
其他	玉梨魂	30
其他	玉蟾记	53
其他	破镜重圆	1
其他	祁生天缘奇遇	1
其他	穆天子传	2
其他	笑赞	1
其他	第一才女传	16
其他	第一美女传	16
其他	终须梦	19
其他	绘芳录	81
其他	绣球缘	29
其他	绿牡丹	64
其他	罂粟花	26
其他	罗织经	12
其他	罗锅轶事	20
其他	英云梦传	18
其他	英烈传	80
其他	茅亭客话	89
其他	荣枯鉴	10
其他	蕉叶帕	16
其他	西京杂记	6
其他	豆棚闲话	14
其他	赵太祖三下南唐	54
其他	跻云楼	14
其他	轰天雷	14
其他	返生香	15
其他	通天乐	13
其他	酉阳杂俎	43
其他	醒名花	16
其他	醒风流	21
其他	钟吕传道集	18
其他	长春真人西游记	0
其他	长短经	69
其他	雪月梅	55
其他	青城山隐者记	1
其他	青龙传	4
其他	风月鉴	18
其他	风流悟	8
其他	飞花咏	17
其他	飞跎全传	33
其他	驻春园小史	27
其他	鬼谷四友志	14
其他	魏晋世语	1
其他	麟儿报	17
其他	黄绣球	30
其他	龙凤再生缘	74
历史演义	三国演义	120
历史演义	上古秘史	159
历史演义	东周列国志	108
历史演义	东汉演义	32
历史演义	东汉秘史	63
历史演义	东西晋演义	347
历史演义	中朝故事	2
历史演义	二十四史通俗演义	60
历史演义	五代残唐	60
历史演义	五代秘史	60
历史演义	五虎平南	42
历史演义	五虎征西	112
历史演义	北史演义	64
历史演义	南北史演义	100
历史演义	南史演义	36
历史演义	南朝秘史	32
历史演义	周朝秘史	70
历史演义	唐代宫廷艳史	104
历史演义	唐国史补	3
历史演义	夏商野史	31
历史演义	大宋中兴通俗演义	75
历史演义	姜氏秘史	5
历史演义	宋代十八朝艳史演义	102
历史演义	宋代宫闱史	99
历史演义	开辟演义	80
历史演义	张文祥刺马案	37
历史演义	御香缥缈录	35
历史演义	明代宫闱史	120
历史演义	昭君艳史演义	18
历史演义	杨太真外传	1
历史演义	樵史通俗演义	40
历史演义	武瞾传	0
历史演义	汉代宫廷艳史	120
历史演义	清代宫廷艳史	101
历史演义	狄青演义	68
历史演义	皇清秘史	132
历史演义	禅真后史	54
历史演义	禅真逸史	41
历史演义	续三国演义	146
历史演义	续英烈传	33
历史演义	西太后艳史演义	32
历史演义	西施艳史演	18
历史演义	西汉演义	102
历史演义	说唐	66
历史演义	貂蝉艳史演义	18
历史演义	贵妃艳史演义	20
历史演义	长春真人西游记	3
历史演义	隋代宫闱史	100
历史演义	隋史遗文	0
历史演义	隋唐两朝志传	122
历史演义	隋唐演义	102
历史演义	隋炀帝艳史	40
历史演义	青红帮演义	31
历史演义	飞龙全传	61
英雄传奇	七剑十三侠	184
英雄传奇	万花楼	68
英雄传奇	三侠五义	120
英雄传奇	五鼠闹东京	7
英雄传奇	仙侠五花剑	31
英雄传奇	儿女英雄传	42
英雄传奇	剑侠传	1
英雄传奇	后水浒传	48
英雄传奇	呼家将	41
英雄传奇	小五义	125
英雄传奇	廿年繁华梦	41
英雄传奇	木兰奇女传	34
英雄传奇	杨家将传	50
英雄传奇	桂苑丛谈	10
英雄传奇	次柳氏旧闻	1
英雄传奇	水浒传	121
英雄传奇	水浒后传	41
英雄传奇	游仙窟	4
英雄传奇	满汉斗	8
英雄传奇	燕丹子	1
英雄传奇	章台柳	18
英雄传奇	笏山记	69
英雄传奇	粉妆楼	81
英雄传奇	续小五义	126
英雄传奇	续英烈传	34
英雄传奇	英雄泪	28
英雄传奇	荡寇志	75
英雄传奇	薛刚反唐	100
英雄传奇	薛家将	226
英雄传奇	说岳全传	82
英雄传奇	野叟曝言	154
英雄传奇	金台全传	60
英雄传奇	银瓶梅	23
英雄传奇	隋史遗文	60
英雄传奇	韩湘子全传	31
谴责公案	九命奇冤	19
谴责公案	九尾狐	65
谴责公案	二十年目睹之怪现状	107
谴责公案	于公案	145
谴责公案	今古奇观	41
谴责公案	儒林外史	57
谴责公案	冷眼观	30
谴责公案	刘公案	144
谴责公案	刘墉传奇	107
谴责公案	劫余灰	16
谴责公案	包公传	102
谴责公案	十尾龟	40
谴责公案	孽海花	35
谴责公案	官场现形记	61
谴责公案	廿载繁华梦	41
谴责公案	彭公案	341
谴责公案	快士传	17
谴责公案	斯文变相	10
谴责公案	施公案	526
谴责公案	春阿氏谋夫案	18
谴责公案	杀子报	20
谴责公案	李公案	34
谴责公案	杨乃武与小白菜	43
谴责公案	林公案	61
谴责公案	梼杌萃编	25
谴责公案	毛公案	6
谴责公案	海公大红袍全传	60
谴责公案	海公小红袍全传	42
谴责公案	海刚峰先生居官公案传	72
谴责公案	狄公案	64
谴责公案	皇明诸司公案	59
谴责公案	老残游记	0
谴责公案	老残游记续集	11
谴责公案	胡涂世界	12
谴责公案	蓝公案	24
谴责公案	近世社会龌龊史	21
谴责公案	郭公案	41
谴责公案	鸳鸯针	5
谴责公案	龙图公案	100
鬼怪神魔	三遂平妖传	20
鬼怪神魔	东度记	99
鬼怪神魔	东游记	56
鬼怪神魔	仙杂记	10
鬼怪神魔	八仙得道	100
鬼怪神魔	北游记	4
鬼怪神魔	升仙传	56
鬼怪神魔	南海观音菩萨出身修行传	25
鬼怪神魔	南游记	18
鬼怪神魔	后西游记	41
鬼怪神魔	咒枣记	15
鬼怪神魔	唐三藏西游释厄传	66
鬼怪神魔	唐钟馗平鬼传	16
鬼怪神魔	大唐三藏取经诗话	18
鬼怪神魔	天女散花	13
鬼怪神魔	夷坚志	1131
鬼怪神魔	女仙外史	101
鬼怪神魔	女聊斋志异	90
鬼怪神魔	妆钿铲传	28
鬼怪神魔	妖狐艳史	13
鬼怪神魔	子不语	25
鬼怪神魔	封神演义	100
鬼怪神魔	山海经	20
鬼怪神魔	搜神后记	10
鬼怪神魔	搜神记	22
鬼怪神魔	斩鬼传	10
鬼怪神魔	新镌绣像麴头陀济颠全传	36
鬼怪神魔	桃花女阴阳斗传	17
鬼怪神魔	济公全传	240
鬼怪神魔	牛郎织女传	12
鬼怪神魔	益智录	121
鬼怪神魔	神魔列国志	23
鬼怪神魔	穆天子传	0
鬼怪神魔	绣云阁	143
鬼怪神魔	续夷坚志	5
鬼怪神魔	续子不语	10
鬼怪神魔	续济公传	232
鬼怪神魔	续西游记	99
鬼怪神魔	续镜花缘	40
鬼怪神魔	绿野仙踪	39
鬼怪神魔	聊斋志异	499
鬼怪神魔	艳异编续集	19
鬼怪神魔	草木春秋演义	32
鬼怪神魔	蟫史	22
鬼怪神魔	西游补	16
鬼怪神魔	西游记	101
鬼怪神魔	西游记传	41
鬼怪神魔	观音菩萨传奇	40
鬼怪神魔	负曝闲谈	30
鬼怪神魔	走马春秋	16
鬼怪神魔	达摩出身传灯传	70
鬼怪神魔	醒梦骈言	12
鬼怪神魔	钟馗斩鬼传	12
鬼怪神魔	锋剑春秋	59
鬼怪神魔	镜花缘	100
鬼怪神魔	阅微草堂笔记	29
鬼怪神魔	雷峰塔奇传	14
鬼怪神魔	鬼神传	18
鬼怪神魔	鬼谷四友志	8
